epoch,train_mse,gradient_norm,validation_one_step,validation_rollout,train_seconds,elapsed_seconds
1,0.042829595506191254,0.014024341478943825,0.0028776780042486885,0.06828366219997406,0.027909178286790848,0.053008101880550385
10,0.014759593643248081,0.013078282587230206,0.0008971512822123865,0.022907404229044914,0.2743723466992378,0.3252714090049267
20,0.001628425670787692,0.007059754803776741,6.840966216259403e-05,0.0029172967188060284,0.5512968599796295,0.6278385557234287
30,0.0009929565712809563,0.0036884178407490253,3.988003906367036e-05,0.0011150705395266414,0.8265091329813004,0.9287637509405613
40,0.0015087133506312966,0.004077129531651735,0.000140068060621464,0.003421292407438159,1.10211680829525,1.2293171286582947
50,0.0007227713940665126,0.0006778696551918983,4.558715075593985e-05,0.0011777454055845737,1.377188328653574,1.5296157002449036
60,0.0007122113602235913,0.001181753701530397,4.709963529118492e-05,0.0012005119351670146,1.6532316096127033,1.8308021165430546
70,0.0007915151072666049,0.0009733521728776395,6.839799304240539e-05,0.0016336559783667326,1.9300759844481945,2.1327966079115868
80,0.0007063334342092276,0.0003480924933683127,5.095976909312109e-05,0.0012665684334933758,2.205606944859028,2.4334094524383545
90,0.0007098689675331116,0.00010586091957520694,5.560445697483374e-05,0.0013557961210608482,2.4809298999607563,2.7340866327285767
100,0.0007159628439694643,0.0001952880120370537,5.6732469753721183e-05,0.0013761853333562613,2.7565182521939278,3.035042282193899
110,0.0006979205645620823,0.0001446017558919266,5.361718316028904e-05,0.0013109834399074316,3.0315976068377495,3.3354590013623238
120,0.0006996990414336324,0.00011264003114774823,5.5659079104467914e-05,0.0013487812830135226,3.3062912598252296,3.635320208966732
130,0.0006902162567712367,8.978982077678666e-05,5.424639599975004e-05,0.0013178471708670259,3.580797165632248,3.9353654086589813
140,0.0006850045756436884,8.782527584116906e-05,5.449201550315289e-05,0.0013195148203521967,3.855635318905115,4.235550310462713
150,0.0006787421298213303,8.808686106931418e-05,5.419414037532988e-05,0.0013101751683279872,4.13146236166358,4.53664692863822
160,0.0006715761264786124,8.717144373804331e-05,5.391272406995995e-05,0.0013011287664994597,4.40637056902051,4.83690495043993
170,0.0006651246221736073,8.806090045254678e-05,5.3784550800628494e-05,0.001294923247769475,4.681524902582169,5.1372349709272385
180,0.0006577345775440335,8.718394383322448e-05,5.349036897920693e-05,0.0012853840598836541,4.956677008420229,5.437689654529095
190,0.0006507434882223606,8.74321412993595e-05,5.332870720546149e-05,0.0012783294077962637,5.232514396309853,5.7387685142457485
200,0.0006433308590203524,8.684218482812867e-05,5.308021157664674e-05,0.0012695575132966042,5.512381434440613,6.044032506644726
210,0.0006360667757689953,8.665141649544239e-05,5.289119114119482e-05,0.0012618779437616467,5.791274588555098,6.348243582993746
220,0.0006286725983954966,8.614778926130384e-05,5.266973100030251e-05,0.0012535876594483852,6.067377008497715,6.649698950350285
230,0.0006213618908077478,8.580508438171819e-05,5.247031322141993e-05,0.0012457224074751139,6.3438991121947765,6.951797731220722
240,0.0006140526966191828,8.540892304154113e-05,5.225819222687278e-05,0.0012376524973660707,6.620414648205042,7.25382636487484
250,0.0006068179500289261,8.514447836205363e-05,5.2050478492067974e-05,0.0012297036591917276,6.898028902709484,7.556883841753006
260,0.0005996242398396134,8.496521331835538e-05,5.1832150650928575e-05,0.0012216013856232166,7.17884873971343,7.863042689859867
270,0.0005924852448515594,8.495960355503485e-05,5.16066038471763e-05,0.0012134034186601639,7.455032166093588,8.16448124870658
280,0.0005853642942383885,8.512979547958821e-05,5.136541130923433e-05,0.0012049442157149315,7.730261866003275,8.465094409883022
290,0.0005782413063570857,8.551756764063612e-05,5.1106557293678634e-05,0.0011961688287556171,8.005147203803062,8.765376660972834
300,0.0005710721015930176,8.612890815129504e-05,5.0823678975575604e-05,0.0011869414011016488,8.279900059103966,9.065517123788595
310,0.0005638169241137803,8.69746581884101e-05,5.0513032268402945e-05,0.0011771708959713578,8.554821778088808,9.366000480949879
320,0.0005564258899539709,8.805053948890418e-05,5.016954067590026e-05,0.0011667413637042046,8.830716505646706,9.667391508817673
330,0.0005488503375090659,8.934978541219607e-05,4.978859578841366e-05,0.001155547914095223,9.107556641101837,9.969569969922304
340,0.0005410416633822024,9.086191130336374e-05,4.9366063649358694e-05,0.0011434991611167789,9.383945111185312,10.271355528384447
350,0.0005329505074769258,9.257638157578185e-05,4.8897266727484144e-05,0.00113049300853163,9.659559588879347,10.572638742625713
360,0.0005245247157290578,9.447915363125503e-05,4.837792357648141e-05,0.0011164415627717972,9.935501091182232,10.873943984508514
370,0.0005157155683264136,9.655969915911555e-05,4.7803558572923066e-05,0.0011012499453499913,10.209990791976452,11.174295481294394
380,0.0005064682336524129,9.880740253720433e-05,4.716941255840842e-05,0.0010848240926861763,10.485461506992579,11.475582472980022
390,0.0004967284039594233,0.00010121114610228688,4.647064285260664e-05,0.0010670595802366734,10.761232607066631,11.777148820459843
400,0.000486437464132905,0.00010376053251093253,4.57022641361012e-05,0.001047849073074758,11.0372773706913,12.079055618494749
410,0.0004755357513204217,0.00010644116991898045,4.485954961334452e-05,0.001027083839289844,11.314366426318884,12.38232884556055
420,0.0004639627877622843,0.00010923671652562916,4.393757474948264e-05,0.0010046460665762424,11.589451514184475,12.68326237052679
430,0.00045165931805968285,0.00011212701065232977,4.293158599466551e-05,0.0009804179426282644,11.864806421101093,12.98434204980731
440,0.0004385676293168217,0.00011508585885167122,4.1837663123563594e-05,0.0009542874759063125,12.140775837004185,13.286247283220291
450,0.000424633442889899,0.00011808018462033942,4.065147716877012e-05,0.0009261427912861109,12.416099671274424,13.587409880012274
460,0.00040980958146974444,0.00012106935901101679,3.937008038216542e-05,0.0008958945982158184,12.692336030304432,13.889571629464626
470,0.0003940609749406576,0.0001240029523614794,3.799082575521121e-05,0.000863466935697943,12.96737314388156,14.190584696829319
480,0.00037736413651145995,0.00012682212400250137,3.651233199282918e-05,0.0008288157405331731,13.242096524685621,14.491131033748388
490,0.0003597135655581951,0.00012945415801368654,3.493476651783567e-05,0.0007919346098788083,13.518221445381641,14.79321475327015
500,0.0003411294019315392,0.00013182098336983472,3.326007875633271e-05,0.0007528639398515224,13.793852299451828,15.095019582659006
510,0.00032165757147595286,0.00013383243640419096,3.149300755467266e-05,0.000711707049049437,14.070661969482899,15.397985182702541
520,0.0003013788955286145,0.00013539432256948203,2.964048796153899e-05,0.0006686276756227016,14.346981957554817,15.700433913618326
530,0.00028040981851518154,0.00013640642282553017,2.771343292806705e-05,0.0006238779751583934,14.624024674296379,16.003591012209654
540,0.0002589068899396807,0.00013677403330802917,2.5725946594927034e-05,0.0005777892656624317,14.89988100528717,16.305689845234156
550,0.0002370665897615254,0.00013640327961184084,2.3695630792038475e-05,0.0005307788378559053,15.177164994180202,16.609102450311184
560,0.00021512208331841975,0.0001352193212369457,2.164353922277466e-05,0.00048334794701077044,15.456147510558367,16.9142105281353
570,0.00019333616364747286,0.00013316016702447087,1.959367633238192e-05,0.0004360630991868675,15.743131026625633,17.227280344814062
580,0.00017199211288243532,0.0001301932497881353,1.757180405093095e-05,0.00038953794864937663,16.019053731113672,17.529306910932064
590,0.00015138012531679124,0.00012631595018319786,1.560497048558318e-05,0.00034440826857462525,16.29478334262967,17.831264551728964
600,0.00013177984510548413,0.00012155857984907925,1.3719360083541687e-05,0.0003012914094142616,16.57329011708498,18.135919205844402
610,0.00011344342783559114,0.00011598726268857718,1.1939180694753304e-05,0.00026074994821101427,16.848878487944603,18.43787519261241
620,9.658072667662054e-05,0.0001097058120649308,1.0285373434726353e-05,0.0002232624392490834,17.1256812363863,18.741564575582743
630,8.134389645420015e-05,0.00010284650488756597,8.774044980934074e-06,0.00018918944988399744,17.40427178516984,19.046858426183462
640,6.782000855309889e-05,9.556090662954375e-05,7.415660614166579e-06,0.00015875083045102656,17.68318620696664,19.35244059190154
650,5.60293483431451e-05,8.801487274467945e-05,6.2146584411948425e-06,0.00013202481204643846,17.964465741068125,19.659947004169226
660,4.5928543841000646e-05,8.038256783038378e-05,5.1698638306637195e-06,0.00010895208833971992,18.240507770329714,19.962208345532417
670,3.742166518350132e-05,7.282648584805429e-05,4.274997223774335e-06,8.935663208831102e-05,18.51639222353697,20.264314964413643
680,3.0370389140443876e-05,6.54924733680673e-05,3.5194746743627547e-06,7.29648454580456e-05,18.792428012937307,20.56651335954666
690,2.4611059416201897e-05,5.850658635608852e-05,2.890058752313962e-06,5.944483928033151e-05,19.07141339033842,20.871661461889744
700,1.9967548723798245e-05,5.1964379963465035e-05,2.371857599806996e-06,4.8431073082610965e-05,19.347063917666674,21.17343632876873
710,1.626442463020794e-05,4.59428338217549e-05,1.94945996649191e-06,3.9553189708385617e-05,19.622730650007725,21.475391823798418
720,1.3335918083612341e-05,4.0474820707459e-05,1.6079339909917205e-06,3.2456817280035466e-05,19.89841541275382,21.777234274894
730,1.1032634574803524e-05,3.5583118005888537e-05,1.3333593097778855e-06,2.681740079424344e-05,20.174239672720432,22.079336032271385
740,9.225259418599308e-06,3.127119634882547e-05,1.1134351230642399e-06,2.2350393919623457e-05,20.450146421790123,22.38149892538786
750,7.804581400705501e-06,2.7488375053508207e-05,9.375103502407001e-07,1.88133999472484e-05,20.725884899497032,22.68340538814664
760,6.682311322947498e-06,2.4235207092715427e-05,7.965416983779505e-07,1.600468749529682e-05,21.000724613666534,22.984391421079636
770,5.787783720734296e-06,2.145395046682097e-05,6.831861441014553e-07,1.3761788977717515e-05,21.27580774948001,23.285726133733988
780,5.065923687652685e-06,1.909078491735272e-05,5.915188102297483e-07,1.1955493391724303e-05,21.551389422267675,23.587462432682514
790,4.4749558583134785e-06,1.7092806956497952e-05,5.167973261184974e-07,1.048525700753089e-05,21.825588747859,23.887961767613888
800,3.983211627200944e-06,1.5392082787002437e-05,4.5535009126259257e-07,9.273799150832929e-06,22.10284050926566,24.19178793206811
810,3.567901330825407e-06,1.3962794582766946e-05,4.0427130561700625e-07,8.26216273708269e-06,22.37961158901453,24.495254524052143
820,3.21170819006511e-06,1.2735928066831548e-05,3.6137149687457776e-07,7.406321401504101e-06,22.656641509383917,24.79896504431963
830,2.9024208743066993e-06,1.1685304343700409e-05,3.249825108279462e-07,6.673414191027405e-06,22.93773142620921,25.106288265436888
840,2.631125880725449e-06,1.0767126696009655e-05,2.9379643251559173e-07,6.0390248108888045e-06,23.21299584954977,25.40781643986702
850,2.391587258898653e-06,9.936788956110831e-06,2.668639472365915e-07,5.484901521413121e-06,23.488076262176037,25.709224563091993
860,2.1790106075059157e-06,9.231250260199886e-06,2.434286384319269e-07,4.9976697482634336e-06,23.76841965317726,26.01591495797038
870,1.9899925973732024e-06,8.591197911300696e-06,2.228846393374321e-07,4.567112682707375e-06,24.044001284986734,26.31775015592575
880,1.8218702280137222e-06,7.978541361808311e-06,2.0484177731816544e-07,4.185388206678908e-06,24.318870440125465,26.618919234722853
890,1.6724727629480185e-06,7.451919373124838e-06,1.8892955348330057e-07,3.846722847811179e-06,24.59443447738886,26.9208692163229
900,1.5400848951685475e-06,6.886267328809481e-06,1.7487711604739312e-07,3.545912932167994e-06,24.87077760696411,27.2235123552382
910,1.42308590511675e-06,6.45712998448289e-06,1.6243205536170535e-07,3.279471002315404e-06,25.146931033581495,27.526121743023396
920,1.3201301953813527e-06,5.9060762396256905e-06,1.5147827880923614e-07,3.0430273909587413e-06,25.423049584031105,27.828578982502222
930,1.2298310139158275e-06,5.394484560383717e-06,1.4179475726905366e-07,2.834351562341908e-06,25.69973584637046,28.13161873817444
940,1.151062633653055e-06,4.938703114021337e-06,1.3324443948192766e-07,2.65032758761663e-06,25.976021450012922,28.434228114783764
950,1.082669768948108e-06,4.621509560820414e-06,1.2597026710636783e-07,2.4853538889146876e-06,26.25193241611123,28.73655914887786
960,1.0311508731319918e-06,2.28803346544737e-05,1.2234050394965834e-07,2.326060894120019e-06,26.531521413475275,29.042468056082726
970,2.212986146332696e-06,0.00032078527146950364,2.7625645415696454e-07,5.236203833192121e-06,26.806450616568327,29.343091499060392
980,1.193486923511955e-06,0.00015350581088569015,2.197883119947619e-07,7.000766800047131e-06,27.08221323415637,29.64481346309185
990,1.8393304799246835e-06,0.00027946222689934075,1.1135243778899924e-07,2.01806483346445e-06,27.357577431946993,29.946663577109575
1000,1.6302922176691936e-06,0.0002511734201107174,1.3661122662729971e-07,2.3284173948923126e-06,27.632318150252104,30.24711787328124
1010,1.0600440418784274e-06,0.0001339024311164394,1.2473400238614354e-07,2.123130343534285e-06,27.907791759818792,30.548508007079363
1020,8.147884500431246e-07,8.096045348793268e-06,1.0006029368033371e-07,1.8102875856129685e-06,28.183539018034935,30.850829150527716
1030,8.216827040996577e-07,5.277465606923215e-05,8.982106347588115e-08,1.8516884665586986e-06,28.45833631977439,31.151566866785288
1040,7.778842245897977e-07,1.679592241998762e-05,8.77550381990962e-08,1.7903299749377766e-06,28.734145030379295,31.453761354088783
1050,7.67658207223576e-07,2.075344673357904e-05,8.861841926943725e-08,1.67562075148453e-06,29.009544502943754,31.755183894187212
1060,7.470480909432808e-07,6.74351167617715e-06,8.52540257649063e-08,1.6603303265583236e-06,29.284675795584917,32.056706599891186
1070,7.349710244852758e-07,2.2310498479782837e-06,8.34122593218467e-08,1.631549480407557e-06,29.559442549943924,32.35798443481326
1080,7.243294248837628e-07,1.9023838149223593e-06,8.227167747065778e-08,1.593643105479714e-06,29.83536982163787,32.660410944372416
1090,7.146708185246098e-07,1.8277753497386584e-06,8.072755560325125e-08,1.5701882603025297e-06,30.11206752434373,32.96354451030493
1100,7.05785168975126e-07,3.183655280736275e-06,7.93210963578872e-08,1.5491567637582193e-06,30.388161417096853,33.26594669371843
1110,6.980566240599728e-07,1.5989890016498975e-06,7.833294872009826e-08,1.52261247876595e-06,30.66417821124196,33.56839310377836
1120,6.910555612194003e-07,2.589420319054625e-06,7.739470220258227e-08,1.4991022680987953e-06,30.940035071223974,33.870737336575985
1130,6.862990176159656e-07,1.0252386346110143e-05,7.713218626766623e-08,1.4681168067909312e-06,31.215773355215788,34.17280400916934
1140,7.776087613819982e-07,8.826377597870305e-05,9.165390046916855e-08,1.5562156931991922e-06,31.493051774799824,34.47754969075322
1150,1.2614887964446098e-05,0.0010002173949033022,1.1065348009727434e-06,2.6866697226068936e-05,31.770595002919436,34.78103535249829
1160,6.357829533953918e-06,0.0006960654864087701,1.7933744741090626e-07,5.786326710222056e-06,32.059688460081816,35.0960614643991
1170,2.5145013751171064e-06,0.000397971598431468,1.7720884433932346e-07,5.714695362257771e-06,32.33827490359545,35.40058897063136
1180,7.28674535821483e-07,8.05859308457002e-05,8.727458814898152e-08,2.4336009118997026e-06,32.61282054707408,35.70130544155836
1190,7.66346488489944e-07,9.455043618800119e-05,7.266645596359922e-08,1.3727383247896796e-06,32.88766668736935,36.00288683176041
1200,7.643831168024917e-07,9.559014142723754e-05,8.202043251988773e-08,1.413750283063564e-06,33.163076415658,36.30421797558665
1210,6.449765805882635e-07,4.102491402591113e-06,7.205276257119901e-08,1.3470719295582967e-06,33.43872593715787,36.60664073750377
1220,6.541384891534108e-07,3.5775272408500314e-05,6.874913941838183e-08,1.4321711887532729e-06,33.7134978659451,36.90772360935807
1230,6.406638135558751e-07,1.4075596482143737e-05,6.964633048056612e-08,1.3412518455879763e-06,33.98876763880253,37.20939064025879
1240,6.338563025565236e-07,1.4837029311820515e-06,6.910827643480388e-08,1.3313374438439496e-06,34.26581910252571,37.51269952207804
1250,6.301613666437333e-07,3.930626917281188e-06,6.796708558927851e-08,1.3381447843130445e-06,34.54224111139774,37.815417252480984
1260,6.268795686992235e-07,2.3335785499511985e-06,6.7941778721566e-08,1.3148287507647183e-06,34.82528053969145,38.125032007694244
1270,6.2333049299923e-07,1.336934133178147e-06,6.726701033225406e-08,1.3099840998620493e-06,35.110225562006235,38.43651106953621
1280,6.198641244736791e-07,3.040091996808769e-06,6.665928845942896e-08,1.3045416835666401e-06,35.395379070192575,38.748557683080435
1290,6.166311550259707e-07,1.1153249488415895e-06,6.631942165806019e-08,1.2917823823954677e-06,35.67872104421258,39.05852712318301
1300,6.134702061899588e-07,1.2281782346690306e-06,6.59193511628094e-08,1.2815419268008554e-06,35.96324115246534,39.37219686806202
1310,6.105134389144951e-07,3.1393935842061182e-06,6.562500232121238e-08,1.269064455300395e-06,36.246328212320805,39.68203368037939
1320,6.152406513137976e-07,2.4217855752795003e-05,6.721902915766502e-08,1.2417045809343108e-06,36.52812084183097,39.99027432873845
1330,1.875399334494432e-06,0.0003248527937103063,2.1990373847794822e-07,4.452364919416141e-06,36.81096037104726,40.29911246523261
1340,8.341630746144801e-06,0.0008071672054938972,8.934811024374767e-08,1.5107029867067467e-06,37.09961308166385,40.61388660594821
1350,7.748745701974258e-06,0.000773776788264513,2.924053236578554e-07,6.2520798564946745e-06,37.38305004313588,40.9234976246953
1360,3.1872295949142426e-06,0.00046497839502990246,1.8610837197267452e-07,3.6788196666748263e-06,37.667979057878256,41.23971353843808
1370,1.4452200503001222e-06,0.0002656237920746207,1.216191674776231e-07,2.2064184577175183e-06,37.95122832804918,41.55306591466069
1380,7.965465442794084e-07,0.00013009041140321642,8.819508086806611e-08,1.5217871123240911e-06,38.23524023219943,41.86849658563733
1390,6.002778150104859e-07,3.179187115165405e-05,6.968262085867612e-08,1.2236762358952546e-06,38.520677752792835,42.18059890717268
1400,5.925630830461159e-07,2.7698777557816356e-05,6.223077993657473e-08,1.1972801985393744e-06,38.80642219632864,42.495658084750175
1410,5.967400511508458e-07,3.68104811059311e-05,6.109076799987179e-08,1.2514847185229883e-06,39.08941762149334,42.805262234061956
1420,5.79607558393036e-07,7.716504114796408e-06,6.096700744251393e-08,1.2148645964771276e-06,39.37290085107088,43.11521891504526
1430,5.788434123132902e-07,1.2721782695734873e-05,6.160945768366825e-08,1.1731873428288964e-06,39.65893382206559,43.427727945148945
1440,5.740406550103216e-07,1.2385578429530142e-06,6.102740357505354e-08,1.1716424523910973e-06,39.945779882371426,43.74106075242162
1450,5.716285045309633e-07,4.659646492655156e-06,6.03272329868787e-08,1.1766792340495158e-06,40.228947933763266,44.0506588332355
1460,5.691842943633674e-07,3.2487600947206374e-06,6.031247590243538e-08,1.1603422080952441e-06,40.51437007635832,44.36554043740034
1470,5.664964533025341e-07,2.0285242499085143e-06,5.982968491006584e-08,1.158852910521091e-06,40.79418120533228,44.67483053356409
1480,5.641326197292074e-07,1.6339730564141064e-06,5.962098725831311e-08,1.149374384112889e-06,41.07766020670533,44.98494264110923
1490,5.616242333417176e-07,1.2241317790540052e-06,5.923373850672912e-08,1.1455312005637097e-06,41.35727272555232,45.291243959218264
1500,5.592308411905833e-07,9.329115755463135e-07,5.897794489821232e-08,1.1379232773833792e-06,41.63796528428793,45.59875635430217
1510,5.568384722209885e-07,1.0141276334252325e-06,5.868543665836038e-08,1.1316487871226855e-06,41.9256438575685,45.91375197842717
1520,5.544600298890145e-07,1.0836847650352865e-06,5.8398626971249236e-08,1.1252795957261696e-06,42.207801192998886,46.22268892079592
1530,5.521999355551088e-07,2.5032270514202537e-06,5.819100223902751e-08,1.1169063327542972e-06,42.489918541163206,46.53163503855467
1540,5.530990847546491e-07,1.6114827303681523e-05,5.8863829366373466e-08,1.098146981348691e-06,42.770328026264906,46.83879707381129
1550,9.594393759471131e-07,0.00018514394469093531,1.0966209984530906e-07,2.0256907191651408e-06,43.04756245389581,47.143473632633686
1560,4.233141953591257e-05,0.0018736872589215636,2.510941224424338e-06,6.610559648834169e-05,43.33017298951745,47.45668490603566
1570,8.426641215919517e-07,0.00016102522204164416,4.1372395761148556e-07,9.598787073628046e-06,43.612113043665886,47.76519637182355
1580,6.297632353380322e-07,8.481513941660523e-05,1.1994101919062436e-07,2.2655949578620493e-06,43.88946042209864,48.06884104013443
1590,6.803772407693032e-07,0.00010906811075983569,6.82688347334685e-08,1.1909208978977404e-06,44.168290201574564,48.373795956373215
1600,6.924305466782243e-07,0.00011465641728136688,5.634887786006478e-08,1.069019162969198e-06,44.44849406927824,48.68089920282364
1610,6.727564141328912e-07,0.00010798378207255155,5.5854741868680925e-08,1.1714994343492435e-06,44.73516656085849,48.993999768048525
1620,6.07045876677148e-07,7.940371870063245e-05,5.661932404403084e-08,1.2248633538547438e-06,45.019413974136114,49.30416728183627
1630,5.428701683740655e-07,3.276602001278661e-05,5.555689538046712e-08,1.1519944109750213e-06,45.29905967786908,49.61029779165983
1640,5.289066962177458e-07,8.58327894093236e-06,5.5258488155611e-08,1.066571371666214e-06,45.577433835715055,49.91533310711384
1650,5.297072220855625e-07,1.762458668963518e-05,5.582504562321825e-08,1.0426604148960905e-06,45.859171349555254,50.22358098998666
1660,5.23887592862593e-07,8.432108984379738e-07,5.5040827599365606e-08,1.0449352885189e-06,46.13954530283809,50.53046536073089
1670,5.222537993176957e-07,6.269114692258881e-06,5.445965456374324e-08,1.0517300097490079e-06,46.421692349016666,50.842379838228226
1680,5.19873196935805e-07,2.9435818760248367e-06,5.4451045746380565e-08,1.0379175137131824e-06,46.705194011330605,51.15243165567517
1690,5.177178081794409e-07,8.514322757946502e-07,5.418307284325389e-08,1.0338391120967572e-06,46.98727797716856,51.47285493463278
1700,5.156759925739607e-07,9.567359029460931e-07,5.389444771945288e-08,1.0305730029358529e-06,47.27208721265197,51.784836158156395
1710,5.136502068125992e-07,9.422843163520156e-07,5.370097818276539e-08,1.0240769370284397e-06,47.553197648376226,52.09277452901006
1720,5.116360739521042e-07,8.424314614785544e-07,5.343097727224707e-08,1.020289118969231e-06,47.831885784864426,52.39805603399873
1730,5.096370614410262e-07,8.761010690250259e-07,5.320081678898229e-08,1.0153212315344717e-06,48.1125305108726,52.7067072018981
1740,5.07653226122784e-07,8.609461019659648e-07,5.2980631437549164e-08,1.010042751659057e-06,48.392715621739626,53.01479825749993
1750,5.056317604612559e-07,8.125571753225813e-07,5.273925799779514e-08,1.005642047857691e-06,48.673718102276325,53.32238332182169
1760,5.036546895098581e-07,8.173926744348137e-07,5.2509408969096207e-08,1.0009966899815481e-06,48.95197292417288,53.62726975604892
1770,5.017007538299367e-07,8.473602406411374e-07,5.2289878797277346e-08,9.958941973309265e-07,49.2284971922636,53.93051886931062
1780,4.997827431907353e-07,2.162675173167372e-06,5.2136774009170495e-08,9.891608669931884e-07,49.50633658096194,54.235318657010794
1790,5.051308562542545e-07,2.5003271730383858e-05,5.361630369312328e-08,9.758989563124487e-07,49.78599461168051,54.54170776903629
1800,3.099849664067733e-06,0.00046675349585711956,3.6670052357597643e-07,8.664493179821875e-06,50.06158076226711,54.84335259348154
1810,2.1762070900877006e-06,0.00037836882984265685,3.803263327976462e-07,1.1451393220340833e-05,50.33585036918521,55.14401938393712
1820,9.034976073962753e-07,0.00018179150356445462,2.3720294350937365e-07,7.166740942921024e-06,50.610309671610594,55.444701831787825
1830,1.6203694030991755e-06,0.00030677299946546555,2.794732954688091e-07,8.365836038137786e-06,50.88528956472874,55.74599705636501
1840,2.1122427824593615e-06,0.0003662801464088261,1.2887994197778122e-07,3.704251412273152e-06,51.15988242253661,56.04681299254298
1850,1.057486542777042e-06,0.000216342814383097,5.693262957369901e-08,1.3134617802279536e-06,51.43665847182274,56.34984239563346
1860,5.730030920858553e-07,8.476485527353361e-05,5.04679216935718e-08,9.558592637404217e-07,51.71054136380553,56.65050961077213
1870,4.895484835287789e-07,2.1685102183255367e-05,5.18742145535119e-08,9.447113029636967e-07,51.987614039331675,56.95410893112421
1880,4.818629122382845e-07,2.0415118342498317e-06,5.161524925985835e-08,9.399868758919183e-07,52.262750677764416,57.255840830504894
1890,4.798806685357704e-07,9.805494300962891e-07,5.077933303473022e-08,9.357677868138126e-07,52.53806935995817,57.557722225785255
1900,4.782002633874072e-07,2.4805187877063872e-06,5.0072742100818836e-08,9.348063940706197e-07,52.81449566036463,57.86090323701501
1910,4.7663959890087426e-07,4.816762611881131e-06,4.9646542284638904e-08,9.352274901175406e-07,53.090426191687584,58.163471445441246
1920,4.7492068233623286e-07,5.460552074509906e-06,4.937372111157856e-08,9.346740625915118e-07,53.36545556783676,58.46520898491144
1930,4.7294730620706105e-07,4.007179995824117e-06,4.914687501411663e-08,9.315563147538342e-07,53.64080201461911,58.76727244257927
1940,4.7094746946640953e-07,1.315842041549331e-06,4.8968994488992244e-08,9.258989734917122e-07,53.92350846901536,59.07681901007891
1950,4.6913146434235387e-07,1.21595724067447e-06,4.88197497242974e-08,9.198694215228898e-07,54.19838206470013,59.37855456024408
1960,4.6735439696021785e-07,1.040540723806771e-06,4.8634454981784834e-08,9.15434725357045e-07,54.48562251776457,59.69253830984235
1970,4.6560779765059124e-07,8.093925316643436e-07,4.840885292622943e-08,9.122398978433921e-07,54.7605596780777,59.99425312131643
1980,4.6383280505324365e-07,7.580819101349334e-07,4.820656881084536e-08,9.083659051611903e-07,55.03801120817661,60.298986822366714
1990,4.6207745185711246e-07,7.628909202139766e-07,4.801405969108904e-08,9.04138858004444e-07,55.316046215593815,60.60432927310467
2000,4.6030862677071127e-07,7.558076617897314e-07,4.781271349211617e-08,9.004330649986514e-07,55.594471737742424,60.91001944243908
