epoch,train_prediction_mse,train_boundary_penalty,train_objective,validation_prediction_mse,maximum_prediction_abs,selected_best_so_far
1,0.0020415374456206337,0.0,0.0020415374456206337,,0.8538556098937988,False
2,0.0020259284210624173,0.0,0.0020259284210624173,,0.8503047227859497,False
3,0.002006394395721145,0.0,0.002006394395721145,,0.8496569991111755,False
4,0.0019970494613517076,0.0,0.0019970494613517076,,0.8509476780891418,False
5,0.001984075119253248,0.0,0.001984075119253248,0.0024824747815728188,0.8516221046447754,True
6,0.001971945574041456,0.0,0.001971945574041456,,0.8514999747276306,False
7,0.001959415210876614,0.0,0.001959415210876614,,0.8501015305519104,False
8,0.0019426337239565328,0.0,0.0019426337239565328,,0.8497808575630188,False
9,0.0019288487237645313,0.0,0.0019288487237645313,,0.8494367003440857,False
10,0.001909119717311114,0.0,0.001909119717311114,0.002391546033322811,0.8518015146255493,True
11,0.0018929702637251467,0.0,0.0018929702637251467,,0.8515393733978271,False
12,0.0018720029183896258,0.0,0.0018720029183896258,,0.8508318662643433,False
13,0.0018484356260159984,0.0,0.0018484356260159984,,0.8492297530174255,False
14,0.0018273248133482412,0.0,0.0018273248133482412,,0.8501337170600891,False
15,0.0017976257076952606,0.0,0.0017976257076952606,0.0022434743586927652,0.8493064045906067,True
16,0.0017677455325610936,0.0,0.0017677455325610936,,0.8497678637504578,False
17,0.001735240759444423,0.0,0.001735240759444423,,0.8492844104766846,False
18,0.001700813096249476,0.0,0.001700813096249476,,0.8501867055892944,False
19,0.0016637942171655595,0.0,0.0016637942171655595,,0.8484892249107361,False
20,0.0016281956486636773,0.0,0.0016281956486636773,0.0020376723259687424,0.8503732681274414,True
21,0.00158499859389849,0.0,0.00158499859389849,,0.8491235375404358,False
22,0.0015448318008566275,0.0,0.0015448318008566275,,0.8474589586257935,False
23,0.0015019377751741558,0.0,0.0015019377751741558,,0.8526026606559753,False
24,0.001455427976907231,0.0,0.001455427976907231,,0.8492779731750488,False
25,0.001404298935085535,0.0,0.001404298935085535,0.0017381764482706785,0.847490668296814,True
26,0.0013551665542763658,0.0,0.0013551665542763658,,0.860184371471405,False
27,0.0013118169008521363,0.0,0.0013118169008521363,,0.8457443118095398,False
28,0.0012499012955231592,0.0,0.0012499012955231592,,0.8592207431793213,False
29,0.0012154435244156048,0.0,0.0012154435244156048,,0.8462992310523987,False
30,0.0011589449422899634,0.0,0.0011589449422899634,0.001434770761989057,0.8748046159744263,True
31,0.0010943030574708246,0.0,0.0010943030574708246,,0.8450161218643188,False
32,0.001047274548909627,0.0,0.001047274548909627,,0.8487625122070312,False
33,0.001001251017441973,0.0,0.001001251017441973,,0.8470137119293213,False
34,0.0009386930832988583,0.0,0.0009386930832988583,,0.8628168702125549,False
35,0.0008981436767498963,0.0,0.0008981436767498963,0.001113048754632473,0.8603320121765137,True
36,0.0008536371606169268,0.0,0.0008536371606169268,,0.8661444783210754,False
37,0.0007913483859738335,0.0,0.0007913483859738335,,0.8642757534980774,False
38,0.0007544642794528045,0.0,0.0007544642794528045,,0.8492908477783203,False
39,0.0007136542917578481,0.0,0.0007136542917578481,,0.8532358407974243,False
40,0.0006579163018614054,0.0,0.0006579163018614054,0.000817012507468462,0.8593000173568726,True
41,0.000626802517217584,0.0,0.000626802517217584,,0.8555135726928711,False
42,0.0005802869891340379,0.0,0.0005802869891340379,,0.8654187917709351,False
43,0.0005411043675849214,0.0,0.0005411043675849214,,0.8706977963447571,False
44,0.0005046508777013514,0.0,0.0005046508777013514,,0.8692097067832947,False
45,0.0004741370867122896,0.0,0.0004741370867122896,0.0005761327920481563,0.855701744556427,True
46,0.00044681175859295763,0.0,0.00044681175859295763,,0.8648350238800049,False
47,0.0004037778635392897,0.0,0.0004037778635392897,,0.8636123538017273,False
48,0.00037275574868544936,0.0,0.00037275574868544936,,0.8534547686576843,False
49,0.0003486172608972993,0.0,0.0003486172608972993,,0.8602173328399658,False
50,0.00032448525962536223,0.0,0.00032448525962536223,0.00038190200575627387,0.8513202667236328,True
51,0.00030691628307977226,0.0,0.00030691628307977226,,0.8627018928527832,False
52,0.00028164412651676685,0.0,0.00028164412651676685,,0.8560283184051514,False
53,0.00025612276658648625,0.0,0.00025612276658648625,,0.8631885647773743,False
54,0.0002328944483451778,0.0,0.0002328944483451778,,0.8686885833740234,False
55,0.00022810446716903243,0.0,0.00022810446716903243,0.0002589637879282236,0.8861907720565796,True
56,0.00020520131511148065,0.0,0.00020520131511148065,,0.8717096447944641,False
57,0.00018721125888987444,0.0,0.00018721125888987444,,0.850658655166626,False
58,0.0001760885807016166,0.0,0.0001760885807016166,,0.8633646965026855,False
59,0.00016036522265494568,0.0,0.00016036522265494568,,0.880529522895813,False
60,0.00014470008227362996,0.0,0.00014470008227362996,0.0001666880853008479,0.8601093292236328,True
61,0.00014028559508005856,0.0,0.00014028559508005856,,0.8589685559272766,False
62,0.00013425579163595103,0.0,0.00013425579163595103,,0.8624724745750427,False
63,0.00011485809045552742,0.0,0.00011485809045552742,,0.852750837802887,False
64,0.000104622950857447,0.0,0.000104622950857447,,0.8656919002532959,False
65,9.65657281994936e-05,0.0,9.65657281994936e-05,0.00011081885895691812,0.8652534484863281,True
66,9.309797133028042e-05,0.0,9.309797133028042e-05,,0.8675608038902283,False
67,8.43056186567992e-05,0.0,8.43056186567992e-05,,0.8646512627601624,False
68,7.909110672699171e-05,0.0,7.909110672699171e-05,,0.8463862538337708,False
69,6.909218927830807e-05,0.0,6.909218927830807e-05,,0.8617311716079712,False
70,6.305438046183554e-05,0.0,6.305438046183554e-05,7.16057256795466e-05,0.8604314923286438,True
71,6.005828345223563e-05,0.0,6.005828345223563e-05,,0.8587787747383118,False
72,6.325307549559511e-05,0.0,6.325307549559511e-05,,0.8706333041191101,False
73,6.488578674179735e-05,0.0,6.488578674179735e-05,,0.8585712909698486,False
74,6.145626139186788e-05,0.0,6.145626139186788e-05,,0.8703967928886414,False
75,5.350359333533561e-05,0.0,5.350359333533561e-05,7.517002813983709e-05,0.8479553461074829,False
76,4.8982850785250776e-05,0.0,4.8982850785250776e-05,,0.8485740423202515,False
77,3.9928686874191044e-05,0.0,3.9928686874191044e-05,,0.8591528534889221,False
78,3.885385240209871e-05,0.0,3.885385240209871e-05,,0.8610632419586182,False
79,3.330397066747537e-05,0.0,3.330397066747537e-05,,0.8597314953804016,False
80,2.9570121341748745e-05,0.0,2.9570121341748745e-05,3.1325540476245806e-05,0.8579486608505249,True
81,2.7849745720232022e-05,0.0,2.7849745720232022e-05,,0.8588143587112427,False
82,2.5314885533589404e-05,0.0,2.5314885533589404e-05,,0.8575156927108765,False
83,2.4914160121625173e-05,0.0,2.4914160121625173e-05,,0.8528924584388733,False
84,2.3369854488919373e-05,0.0,2.3369854488919373e-05,,0.8598293662071228,False
85,2.069342235699878e-05,0.0,2.069342235699878e-05,2.184022741857916e-05,0.8529329299926758,True
86,1.8904919670603704e-05,0.0,1.8904919670603704e-05,,0.8566721081733704,False
87,1.8475752881386143e-05,0.0,1.8475752881386143e-05,,0.8553357720375061,False
88,1.6542301978006435e-05,0.0,1.6542301978006435e-05,,0.8562194108963013,False
89,1.7282073372371087e-05,0.0,1.7282073372371087e-05,,0.8545709848403931,False
90,1.645499162350461e-05,0.0,1.645499162350461e-05,1.785249878594186e-05,0.8573715090751648,True
91,1.558415760882781e-05,0.0,1.558415760882781e-05,,0.8584972023963928,False
92,1.7585654518370575e-05,0.0,1.7585654518370575e-05,,0.8458263874053955,False
93,1.8554768303147284e-05,0.0,1.8554768303147284e-05,,0.8528662919998169,False
94,1.4765636365154933e-05,0.0,1.4765636365154933e-05,,0.8525044918060303,False
95,1.4984029917286534e-05,0.0,1.4984029917286534e-05,1.1866341083077714e-05,0.8495731353759766,True
96,1.1336106240378285e-05,0.0,1.1336106240378285e-05,,0.8552819490432739,False
97,1.0624878086673561e-05,0.0,1.0624878086673561e-05,,0.8481606841087341,False
98,1.1276152406480833e-05,0.0,1.1276152406480833e-05,,0.8543581962585449,False
99,9.750943490871578e-06,0.0,9.750943490871578e-06,,0.8543620705604553,False
100,9.069637428638089e-06,0.0,9.069637428638089e-06,8.677780897414777e-06,0.8548149466514587,True
101,8.921698110953002e-06,0.0,8.921698110953002e-06,,0.8459194898605347,False
102,9.947801800080924e-06,0.0,9.947801800080924e-06,,0.8515928983688354,False
103,9.102393164539535e-06,0.0,9.102393164539535e-06,,0.8483754396438599,False
104,8.51690856507048e-06,0.0,8.51690856507048e-06,,0.8534443378448486,False
105,7.031492998521571e-06,0.0,7.031492998521571e-06,6.5979829741991125e-06,0.850502610206604,True
106,6.701424865696026e-06,0.0,6.701424865696026e-06,,0.8470539450645447,False
107,6.093980857713177e-06,0.0,6.093980857713177e-06,,0.849224865436554,False
108,5.756937980549992e-06,0.0,5.756937980549992e-06,,0.8468151092529297,False
109,6.0382725450836006e-06,0.0,6.0382725450836006e-06,,0.8496712446212769,False
110,7.441722686962748e-06,0.0,7.441722686962748e-06,5.586500265053473e-06,0.8482621312141418,True
111,6.907085094098875e-06,0.0,6.907085094098875e-06,,0.8464075922966003,False
112,7.117348275187396e-06,0.0,7.117348275187396e-06,,0.8448053002357483,False
113,5.811226969854033e-06,0.0,5.811226969854033e-06,,0.8520190119743347,False
114,5.163038963473809e-06,0.0,5.163038963473809e-06,,0.8451776504516602,False
115,4.788254045706708e-06,0.0,4.788254045706708e-06,4.706189884018386e-06,0.8460322618484497,True
116,5.48137728628717e-06,0.0,5.48137728628717e-06,,0.8502535223960876,False
117,5.168333814253856e-06,0.0,5.168333814253856e-06,,0.8442927002906799,False
118,4.060384355852875e-06,0.0,4.060384355852875e-06,,0.8446639776229858,False
119,3.795417427454595e-06,0.0,3.795417427454595e-06,,0.8446295857429504,False
120,4.017369718667396e-06,0.0,4.017369718667396e-06,3.832024958683178e-06,0.8458008170127869,True
121,3.860012952827674e-06,0.0,3.860012952827674e-06,,0.844637393951416,False
122,4.748683068100945e-06,0.0,4.748683068100945e-06,,0.8456920385360718,False
123,5.613937162252114e-06,0.0,5.613937162252114e-06,,0.8447386622428894,False
124,4.793751458009865e-06,0.0,4.793751458009865e-06,,0.8464349508285522,False
125,3.816856633420684e-06,0.0,3.816856633420684e-06,3.391152176845935e-06,0.8453192114830017,True
126,3.3485123083210055e-06,0.0,3.3485123083210055e-06,,0.8442842364311218,False
127,3.2791153614653012e-06,0.0,3.2791153614653012e-06,,0.8443710207939148,False
128,3.7042189546809823e-06,0.0,3.7042189546809823e-06,,0.8446747660636902,False
129,4.190319089047989e-06,0.0,4.190319089047989e-06,,0.8440662622451782,False
130,4.29506246746314e-06,0.0,4.29506246746314e-06,4.5219303501653485e-06,0.844346821308136,False
131,3.330409924728883e-06,0.0,3.330409924728883e-06,,0.8444754481315613,False
132,2.6641147314876434e-06,0.0,2.6641147314876434e-06,,0.8441668748855591,False
133,2.7053713438363047e-06,0.0,2.7053713438363047e-06,,0.8438948392868042,False
134,2.6746903074581496e-06,0.0,2.6746903074581496e-06,,0.843980610370636,False
135,2.5877179297140174e-06,0.0,2.5877179297140174e-06,2.7075104753748747e-06,0.844024121761322,True
136,2.550611299056982e-06,0.0,2.550611299056982e-06,,0.843875527381897,False
137,2.5168697845856514e-06,0.0,2.5168697845856514e-06,,0.8437522649765015,False
138,2.4409858809804064e-06,0.0,2.4409858809804064e-06,,0.8441371917724609,False
139,2.513046226226834e-06,0.0,2.513046226226834e-06,,0.843595564365387,False
140,3.146361166272982e-06,0.0,3.146361166272982e-06,3.7607478589052334e-06,0.843809187412262,False
141,3.2083524388326623e-06,0.0,3.2083524388326623e-06,,0.8440159559249878,False
142,3.245481110525361e-06,0.0,3.245481110525361e-06,,0.8433288335800171,False
143,3.516387067747928e-06,0.0,3.516387067747928e-06,,0.843421995639801,False
144,3.65859531825663e-06,0.0,3.65859531825663e-06,,0.8440291881561279,False
145,3.98307813043175e-06,0.0,3.98307813043175e-06,3.468457634880906e-06,0.844240665435791,False
146,3.1148566677074996e-06,0.0,3.1148566677074996e-06,,0.8433808088302612,False
147,2.7255682795157554e-06,0.0,2.7255682795157554e-06,,0.8439188599586487,False
148,2.945686702560124e-06,0.0,2.945686702560124e-06,,0.84336918592453,False
149,2.3923404626202682e-06,0.0,2.3923404626202682e-06,,0.8436332941055298,False
150,2.245932023470232e-06,0.0,2.245932023470232e-06,2.3860980036261026e-06,0.8434960246086121,True
