update,loss,validation_mse,training_seconds
1,0.005104588810354471,0.1522218888701545,1.5159732140600681
100,0.0001996604260057211,0.0018598132812601377,3.2783129401504993
200,0.00019932100258301944,0.0019046833781378035,5.181447125971317
300,0.00019916752353310585,0.0018991819592839186,6.84754928573966
400,0.00019899156177416444,0.0018936011635474087,8.314611911773682
500,0.0001987982977880165,0.0018874378759468702,9.779917802661657
600,0.00019858885207213461,0.0018803303560621524,11.244887877255678
700,0.0001983613910852,0.0018717318344638205,12.968423619866371
800,0.00019811102538369596,0.0018610359005488788,14.7425646930933
900,0.00019783047901000828,0.0018477328042803489,16.518578849732876
1000,0.0001975164341274649,0.001837424087154399,18.289732046425343
1100,0.00019714444351848215,0.0018116886357409116,20.062435779720545
1200,0.0001967201242223382,0.0017832114241551173,21.833785012364388
1300,0.0001962148235179484,0.0017603571754888786,23.606128305196762
1400,0.00019561599765438586,0.0017274526607021297,25.37774409353733
1500,0.00019488907128106803,0.001688837809607016,27.149601463228464
1600,0.00019398456788621843,0.001638626922591641,29.070919383317232
1700,0.0001928201236296445,0.0015765504711845138,30.547434575855732
1800,0.00019124167738482356,0.0014938971383179089,32.02678543329239
1900,0.00018894784443546087,0.001376526102073051,33.504223722964525
2000,0.00018533988622948527,0.0011971942273174797,34.98534667119384
2100,0.0001794576528482139,0.0009146025445257367,36.46471055597067
2200,0.000171169318491593,0.0005293312324465215,37.942946203053
2300,0.00016412249533459544,0.00020654065615739836,39.41928320005536
2400,0.00016154641343746334,6.304317133975534e-05,40.89667645469308
2500,0.00016115802282001823,3.3451774704260366e-05,42.374066188931465
2600,0.00016111574950627983,2.8520794412689343e-05,43.853937070816755
2700,0.0001611043408047408,2.6573055290663284e-05,45.33014776557684
2800,0.00016109528951346874,2.6254738329557828e-05,46.80908363312483
2900,0.0001610866020200774,2.56650750557511e-05,48.28744797036052
3000,0.00016107773990370333,2.5176616845194516e-05,50.11104395985603
3100,0.00016106985276564956,2.629667917971838e-05,51.582582607865334
3200,0.00016106000111903995,2.431964029050928e-05,53.05418633297086
3300,0.00016123484238050878,1.4601077722396278e-05,54.52336550503969
3400,0.00016104179667308927,2.3629641298527937e-05,55.99358603730798
3500,0.00016103259986266494,2.3025457788097768e-05,57.46426299586892
3600,0.00016102343215607107,2.273887474778313e-05,58.932502552866936
3700,0.0001610140170669183,2.2373805053975934e-05,60.401227716356516
3800,0.00016101007349789143,2.3285664413461408e-05,62.136737041175365
3900,0.0001609954342711717,2.16712318236909e-05,63.9055225327611
4000,0.00016100541688501835,1.4386539674204984e-05,65.67524369806051
4100,0.00016097689513117075,2.114967766590665e-05,67.37711153179407
4200,0.00016096746549010277,2.0597071605772523e-05,69.11172218993306
4300,0.00016095837054308504,1.8463150258487828e-05,70.57967780902982
4400,0.00016094913007691503,1.9934123549725446e-05,72.15629990026355
4500,0.0001609467581147328,2.4897457642674745e-05,73.93110706284642
4600,0.00016093114390969276,1.949415167155882e-05,75.10664138942957
4700,0.00016092212172225118,1.904223044438736e-05,77.0172042325139
4800,0.00016091496217995882,1.9742084826420612e-05,78.48679015412927
4900,0.0001609048485988751,1.8524784840000953e-05,80.26082890108228
5000,0.00016096176113933325,2.5564330005841767e-05,82.11817428842187
5100,0.00016088824486359954,1.7964774499381166e-05,83.583531152457
5200,0.00016088000847958028,1.7802145765927696e-05,85.0496282465756
5300,0.00016087347466964275,1.5819812135077777e-05,86.51513028889894
5400,0.0001608645252417773,1.7436586421295896e-05,88.2017742805183
5500,0.00016092282021418214,4.2662480160399416e-05,89.67263890057802
5600,0.00016084982780739665,1.714809393595641e-05,91.14133988320827
5700,0.0001608426246093586,1.695026389341383e-05,92.61182169616222
5800,0.00016083664377219975,1.6476682228107316e-05,94.08121770992875
5900,0.00016082936781458557,1.671902747586294e-05,95.55228328704834
6000,0.00016109045827761292,6.074172804231465e-05,97.02118222042918
6100,0.00016081708599813282,1.6533926104468292e-05,98.49055607616901
6200,0.00016081098874565214,1.646776377225902e-05,100.26726177707314
6300,0.00016080745263025165,2.083439473086647e-05,101.7305734269321
6400,0.00016080020577646792,1.6341154589838606e-05,103.1963479295373
6500,0.00016079473425634205,1.6288166971068577e-05,104.66230558976531
6600,0.00016079020861070603,1.59544712157986e-05,106.50911149010062
6700,0.0001607850572327152,1.622808130976606e-05,107.97892009466887
6800,0.00016083006630651653,3.8711718384152955e-05,109.56594517081976
6900,0.0001607760787010193,1.6095693361411435e-05,111.33997235819697
7000,0.00016077148029580712,1.61509630071285e-05,113.11269595101476
7100,0.0001607697777217254,1.3934610935454608e-05,114.88748571649194
7200,0.0001607635640539229,1.6097921059423655e-05,116.66151097789407
7300,0.00016075930034276098,1.588037839671567e-05,118.54456041008234
7400,0.00016075593885034323,1.6655941980594695e-05,120.01537650823593
7500,0.00016075180610641837,1.607911681834301e-05,121.62042123824358
7600,0.00016075564781203866,1.5352111450833617e-05,123.38996727764606
7700,0.0001607447920832783,1.6103315384141127e-05,125.15928373113275
7800,0.00016074106679297984,1.688138616370032e-05,126.90218699723482
7900,0.00016073811275418848,1.6514512821508438e-05,128.3722493685782
8000,0.0001607343729119748,1.6073967525007926e-05,129.84325278922915
8100,0.00016077604959718883,2.7312376625943515e-05,131.3117180839181
8200,0.0001607281737960875,1.6151171955652644e-05,132.78066719323397
8300,0.00016072469588834792,1.6114694089634067e-05,134.24863997846842
8400,0.00016073041479103267,1.8820334168907673e-05,135.71777683123946
8500,0.0001607188896741718,1.6201259297646793e-05,137.23870289698243
8600,0.0001607156009413302,1.61743476921766e-05,139.2756065018475
8700,0.00016071378195192665,1.65569757114333e-05,140.7563832886517
8800,0.0001607104204595089,1.6321626966020152e-05,142.23830174654722
8900,0.00016070742276497185,1.631371751927371e-05,143.71834072843194
9000,0.00016070605488494039,1.7120288882025962e-05,145.70366441830993
9100,0.00016070310084614903,1.6499792208398805e-05,147.47276601940393
9200,0.00016070040874183178,1.658768271974383e-05,149.24231387674809
9300,0.00016071110439952463,1.1311318588509788e-05,151.0120770931244
9400,0.00016069560660980642,1.669879150745814e-05,152.78064274042845
9500,0.00016069473349489272,1.5949937193550616e-05,154.54981316626072
9600,0.00016069278353825212,1.6388643383855374e-05,156.31736905872822
9700,0.0001606954901944846,1.3279350277735873e-05,158.08632572367787
9800,0.00016068699187599123,1.7051511448362916e-05,159.85489303991199
9900,0.00016068560944404453,1.647545076681359e-05,161.74655707925558
10000,0.0001606883597560227,1.8549008217716324e-05,163.2159724868834
10100,0.00016068224795162678,1.6466605955750805e-05,164.9199338927865
10200,0.00016067939577624202,1.7429311780035192e-05,166.83756432309747
10300,0.0001606779987923801,1.727010569860323e-05,168.30248046666384
10400,0.00016067593242041767,1.7974140239024123e-05,170.10788618400693
10500,0.00016067465185187757,1.899521010186925e-05,171.57719581574202
10600,0.00016067290562205017,1.827527987590875e-05,173.04566968232393
10700,0.00016067890101112425,2.4118721692521718e-05,174.51446989178658
10800,0.00016066982061602175,1.8343270071070214e-05,176.288638304919
10900,0.0001606788719072938,9.056809976030135e-06,178.29253512993455
11000,0.00016066739044617862,1.907569746288917e-05,179.77020262926817
11100,0.00016066557145677507,1.9028502675136987e-05,181.24885867536068
11200,0.00016066562966443598,2.0163509952944906e-05,182.72838459536433
11300,0.00016066330135799944,1.9953140860617716e-05,184.20607514306903
11400,0.00016090579447336495,6.359800224420242e-05,185.68452951312065
11500,0.000160660914843902,1.9621816206425025e-05,187.39163045957685
11600,0.00016068131662905216,1.4543882522444195e-05,189.1771135032177
11700,0.0001606795412953943,2.6932107376878472e-05,190.961120005697
11800,0.00016065765521489084,2.0519118100157642e-05,192.7454961426556
11900,0.00016065704403445125,1.9642996241941582e-05,194.5308409705758
12000,0.00016065577801782638,2.0587405868369727e-05,196.31424624100327
12100,0.00016065526870079339,2.0407942897776668e-05,198.09936736151576
12200,0.00016067578690126538,2.0446001870109384e-05,199.88856260478497
12300,0.00016065419185906649,2.0194941280320903e-05,201.3731830790639
12400,0.00016065251838881522,2.102527697121041e-05,202.85494329035282
12500,0.0001606530713615939,2.146505678163796e-05,204.3364583812654
12600,0.00016065125237219036,2.1452075044728062e-05,205.81875206530094
12700,0.00016073226288426667,3.209982815641824e-05,207.3018192127347
12800,0.0001606498844921589,2.1690839158242132e-05,208.78389195352793
12900,0.00016065375530160964,1.8188452052224395e-05,210.26683882251382
13000,0.0001606492296559736,2.157072488386388e-05,211.75016847252846
13100,0.00016069519915618002,1.3939745526623481e-05,213.23383724689484
13200,0.00016064761439338326,2.208314704133546e-05,214.71653821319342
13300,0.00016065900854300708,2.773493053275357e-05,216.1981752961874
13400,0.00016064656665548682,2.24003173405633e-05,217.79601119086146
13500,0.0001606891892151907,3.571009419160295e-05,219.5848167128861
13600,0.00016064592637121677,2.25557791799019e-05,221.3740493580699
13700,0.00016064534429460764,2.2612112954426187e-05,223.16405840218067
13800,0.00016068510012701154,4.3689230704510943e-05,224.9526152200997
13900,0.0001606655423529446,2.351871997542697e-05,226.74243164807558
14000,0.000160644092829898,2.2651527977457666e-05,228.5307884849608
14100,0.0001606439909664914,2.2463709550627595e-05,230.32164332270622
14200,0.0001606443984201178,2.4398223319031998e-05,232.26049734652042
14300,0.00016064377268776298,2.1534836872175888e-05,233.7310407422483
14400,0.00016064282681327313,2.337569551802854e-05,235.20153379440308
14500,0.00016064269584603608,2.2746250001612686e-05,236.67192289233208
14600,0.00016066299576777965,3.4514225799408666e-05,238.1439322680235
14700,0.00016064202645793557,2.387998716680049e-05,239.61365504562855
14800,0.00016064540250226855,2.7678550920969043e-05,241.08446975797415
14900,0.00016064148803707212,2.3295389621803763e-05,242.55651788786054
15000,0.00016065621457528323,2.8177127157484667e-05,244.02678121253848
15100,0.00016065048112068325,2.5305843950235487e-05,245.496505420655
15200,0.00016064092051237822,2.4679086789237318e-05,247.26708851382136
15300,0.00016064141527749598,2.2419375787436616e-05,249.04212808981538
15400,0.00016064176452346146,2.108036956326198e-05,250.51622297987342
15500,0.00016064847295638174,2.4648491476727065e-05,251.9858028627932
15600,0.00016064324881881475,2.099198748025056e-05,253.45744517073035
15700,0.0001606395817361772,2.4118543676622448e-05,254.93000541627407
15800,0.00016063959628809243,2.43122492924409e-05,256.4003499299288
15900,0.00016063924704212695,2.441096438817319e-05,257.86988539993763
16000,0.00016063950897660106,2.500158461637157e-05,259.3528089299798
16100,0.00016063889779616147,2.4362479289921897e-05,261.12803241238
16200,0.00016065470117609948,3.035126267730591e-05,262.9043251723051
16300,0.00016063853399828076,2.4402001741036353e-05,264.6797418780625
16400,0.00016063847579061985,2.3009999343969142e-05,266.45333053171635
16500,0.00016063833027146757,2.471590706891531e-05,268.22648268193007
16600,0.00016067459364421666,2.1823391668630912e-05,270.00129618123174
16700,0.0001606432197149843,2.663235086982527e-05,271.77703662216663
16800,0.00016063920338638127,2.2199744854041153e-05,273.55299131944776
16900,0.00016063776274677366,2.4478231596550885e-05,275.3310986496508
17000,0.00016063748626038432,2.4684909040516797e-05,277.21929166466
17100,0.00016063761722762138,2.4411856134166562e-05,278.6840095743537
17200,0.00016063725342974067,2.47324202525169e-05,280.14819046109915
17300,0.0001607753220014274,5.791106345769555e-05,281.61462777107954
17400,0.00016063699149526656,2.503324300555093e-05,283.08044265955687
17500,0.00016063936345744878,2.725099856855781e-05,284.54652608186007
17600,0.00016063879593275487,2.298479163832726e-05,286.01216411218047
17700,0.00016063658404164016,2.5004444427417885e-05,287.4782500229776
17800,0.00016063643852248788,2.5117199858360547e-05,289.2934440486133
17900,0.00016064252122305334,2.9581528730472263e-05,290.7635375894606
18000,0.00016063661314547062,2.501917991666781e-05,292.5414838306606
18100,0.0001606362493475899,2.4847518107206976e-05,294.55383848026395
18200,0.00016063838847912848,2.478606648161574e-05,296.3279842957854
18300,0.00016064528608694673,2.437436176181887e-05,297.79723082855344
18400,0.00016063601651694626,2.5269293823121468e-05,299.34806798025966
18500,0.000160763825988397,8.473633234871857e-06,301.1230088248849
18600,0.00016065413365140557,2.5622006348876604e-05,302.8968263268471
18700,0.00016063601651694626,2.34146400695706e-05,304.67187443748116
18800,0.0001606557343620807,2.593635526073509e-05,306.44825702905655
18900,0.00016063530347310007,2.5096947224673953e-05,307.92086055502295
19000,0.0001606369041837752,2.714022925751131e-05,309.7997197546065
19100,0.00016063524526543915,2.285851393617995e-05,311.26504209265113
19200,0.00016063914517872036,2.7827533277921347e-05,313.03202855959535
19300,0.00016063563816715032,2.3562184525309728e-05,314.8023836761713
19400,0.00016063486691564322,2.548579945684719e-05,316.5747293829918
19500,0.00016063590010162443,2.3546654335101413e-05,318.3442956954241
19600,0.00016063571092672646,2.379580847520026e-05,320.1138334348798
19700,0.00016063792281784117,2.5242420129268902e-05,321.5816662758589
19800,0.0001606362930033356,2.81355441208536e-05,323.04634200036526
19900,0.00016066688112914562,2.907629087412813e-05,324.51301231980324
20000,0.00016080195200629532,4.480571013162553e-05,325.9786916747689
