seed,lag,horizon,composition_depth,a_defect,b_defect,a_over_b_defect,a_lower_defect,a_mse,b_mse,a_over_b_mse
31415,0.025,0.6,24,1.308592786353202e-07,2.9222506441328733e-05,0.004478030619928237,True,6.542370852002932e-05,6.507815145084805e-05,1.0053098783766508
31415,0.025,1.2,48,1.4508920381794965e-07,9.682710498282177e-05,0.0014984358340951135,True,0.0001370853857736165,0.00013837331042054757,0.9906923911625966
31415,0.025,2.4,96,1.4050836633083819e-07,0.00016880904775007366,0.000832350920780411,True,0.00024367358690824403,0.0002530564689493531,0.9629217854810622
31415,0.025,4.8,192,1.1107139574750846e-07,5.404542730502726e-05,0.002055148812509744,True,0.00013393654273841094,0.00014311975252212505,0.9358354830700641
31415,0.05,0.6,12,9.28522618237615e-08,2.7969375992142886e-05,0.003319783103128415,True,6.542371900053467e-05,6.507751127315942e-05,1.00531992881415
31415,0.05,1.2,24,9.840533826688258e-08,9.47915484061923e-05,0.0010381235449937454,True,0.00013708541730750312,0.0001383659275404625,0.9907454800779265
31415,0.05,2.4,48,9.649852383830648e-08,0.0001670613802389198,0.000577623168803591,True,0.00024367354959053955,0.0002530526163866398,0.9629362978734434
31415,0.05,4.8,96,8.439757567813011e-08,5.3763681421514775e-05,0.0015697878836912474,True,0.0001339361830900998,0.00014312452469766868,0.9358017668392051
31415,0.075,0.6,8,7.871581417240314e-08,2.6707183948815327e-05,0.0029473648110284875,True,6.542366990203163e-05,6.507687717061117e-05,1.0053289700812054
31415,0.075,1.2,16,8.260028727669066e-08,9.274218791688327e-05,0.0008906441516208147,True,0.00013708531456302353,0.00013835880869805806,0.9907957133556008
31415,0.075,2.4,32,8.032596313101159e-08,0.00016530205527942599,0.0004859344488804382,True,0.00024367343689846166,0.00025304918077040384,0.9629489261992554
31415,0.075,4.8,64,7.372838195518483e-08,5.34832043967981e-05,0.0013785333692458927,True,0.00013393634679914612,0.0001431300009073766,0.9357671064769996
31415,0.1,0.6,6,6.786138709302669e-08,2.543737871008034e-05,0.0026677822375673695,True,6.542369806084025e-05,6.507625253249216e-05,1.0053390524934516
31415,0.1,1.2,12,7.398161822047555e-08,9.06883888660559e-05,0.0008157782836978639,True,0.00013708544965140845,0.00013835155795050014,0.9908486155280978
31415,0.1,2.4,24,7.035994314952276e-08,0.00016352711315903434,0.00043026469305488136,True,0.00024367353594811902,0.00025304550820237637,0.9629632933584342
31415,0.1,4.8,48,6.691941287217951e-08,5.319822034266508e-05,0.0012579257809966623,True,0.00013393623683555234,0.00014313522424913572,0.9357321898796066
31415,0.15,0.6,4,5.931963797944917e-08,2.289453578185885e-05,0.0025909954473264667,True,6.542368105755259e-05,6.507499151098273e-05,1.005358272640128
31415,0.15,1.2,8,6.209322281347518e-08,8.65691300191429e-05,0.00071726749246232,True,0.0001370853959770102,0.00013833711132349436,0.9909517024426143
31415,0.15,2.4,16,6.220978604476457e-08,0.00015997366602960028,0.0003888751666993351,True,0.0002436735003357171,0.00025303855497327277,0.9629896138217164
31415,0.15,4.8,32,5.851193199402083e-08,5.2628407331667404e-05,0.0011117937053514671,True,0.000133936341626395,0.0001431460276251073,0.9356623012771822
31415,0.2,0.6,3,5.135724795435337e-08,2.0353806284845177e-05,0.002523225741447309,True,6.542369153095251e-05,6.50737392433598e-05,1.005377780525013
31415,0.2,1.2,6,5.527949709094315e-08,8.244947861157925e-05,0.0006704650899172535,True,0.0001370854458428994,0.0001383226961593209,0.991055334006818
31415,0.2,2.4,12,5.313510312299208e-08,0.00015641949664768617,0.0003396961648756084,True,0.00024367345412201757,0.00025303141364929616,0.9630166097074065
31415,0.2,4.8,24,5.3560468366020686e-08,5.206162654758373e-05,0.0010287897616311898,True,0.00013393624871582688,0.0001431566019789443,0.9355925389702001
31415,0.3,0.6,2,4.0722996579034554e-08,1.5264127661396287e-05,0.002667888888405,True,6.542368157624878e-05,6.507123909216261e-05,1.005416255922021
31415,0.3,1.2,4,4.7149034620996844e-08,7.420115144896045e-05,0.0006354218728455783,True,0.00013708538492096523,0.00013829386217878437,0.9912615264424618
31415,0.3,2.4,8,4.68748318771528e-08,0.00014930014202718667,0.0003139637460533505,True,0.00024367356400034623,0.0002530173613877196,0.9630705286936612
31415,0.3,4.8,16,4.6082348215126245e-08,5.092613938018076e-05,0.0009048859539716141,True,0.00013393634878866578,0.0001431779944880418,0.9354534491670933
271828,0.025,0.6,24,1.3225373485248326e-07,3.16017923154277e-05,0.004185007405036271,True,6.537675226070405e-05,6.53552274059166e-05,1.0003293516929224
271828,0.025,1.2,48,1.4836041895005536e-07,0.00010348787481007093,0.0014336019482701528,True,0.00015759765604173026,0.00015749931621655833,1.0006243825531072
271828,0.025,2.4,96,1.407945433018476e-07,0.00016676189795816754,0.0008442848457935284,True,0.0002756203717240169,0.0002747512939720309,1.00316314343573
271828,0.025,4.8,192,1.1280789119494372e-07,4.6282170458766814e-05,0.0024373941428577827,True,0.00014605397700506728,0.00014504300807516302,1.0069701321237103
271828,0.05,0.6,12,9.66392348367151e-08,3.0246925518895296e-05,0.0031950101763679895,True,6.537674826745388e-05,6.535356688175398e-05,1.0003547072762202
271828,0.05,1.2,24,1.044945682204812e-07,0.0001013158945397663,0.0010313738895081981,True,0.00015759768741929747,0.0001574877282024545,1.0006982081594422
271828,0.05,2.4,48,9.630514802294599e-08,0.0001650491626605799,0.0005834937086048445,True,0.0002756201135696301,0.0002747438376786704,1.0031894287361036
271828,0.05,4.8,96,8.445058452544174e-08,4.6046295238966195e-05,0.0018340364645444119,True,0.0001460535051194256,0.00014504680538607317,1.006940516412429
271828,0.075,0.6,8,7.812375182880693e-08,2.8881124748636466e-05,0.002705010712316365,True,6.537676356543898e-05,6.535181771027965e-05,1.0003817163169038
271828,0.075,1.2,16,8.273897350585813e-08,9.912347047702497e-05,0.000834706181166604,True,0.00015759772119849913,0.0001574758895941386,1.0007736524281559
271828,0.075,2.4,32,7.98025186210527e-08,0.00016330248456597474,0.0004886791455326096,True,0.0002756202332250268,0.00027473636410491054,1.0032171537357129
271828,0.075,4.8,64,7.295467854828708e-08,4.580068265624959e-05,0.0015928731695079282,True,0.00014605366246200902,0.0001450512939698001,1.006910441573983
271828,0.1,0.6,6,6.859826748306652e-08,2.7507477014410142e-05,0.0024938044098748295,True,6.537676267726056e-05,6.535015763375895e-05,1.0004071152154017
271828,0.1,1.2,12,7.36547865476389e-08,9.692487503798475e-05,0.0007599162394460006,True,0.00015759781875601675,0.00015746425729901148,1.0008482017398503
271828,0.1,2.4,24,7.091791873192754e-08,0.00016155051071109483,0.0004389829435993055,True,0.0002756202895000115,0.00027472907942183156,1.0032439597586666
271828,0.1,4.8,48,6.519284262429537e-08,4.556020903123681e-05,0.0014309162317406865,True,0.00014605364142994404,0.00014505546084819798,1.0068813719656557
271828,0.15,0.6,4,5.8858284801566185e-08,2.4757252830909238e-05,0.0023774158305675205,True,6.537674298812135e-05,6.534675819835911e-05,1.0004588565766526
271828,0.15,1.2,8,6.271698765880629e-08,9.252006645965594e-05,0.0006778744337170845,True,0.00015759773818047051,0.00015744069213496914,1.0009974933631944
271828,0.15,2.4,16,6.124329363088599e-08,0.00015803350771648184,0.00038753359661394593,True,0.0002756202255511653,0.0002747143811347996,1.0032974044264584
271828,0.15,4.8,32,5.854871298893727e-08,4.507432329603489e-05,0.0012989371488598188,True,0.00014605367439912698,0.00014506413342019187,1.0068214034413925
271828,0.2,0.6,3,5.1642317172584384e-08,2.2009303947356784e-05,0.0023463857510489963,True,6.537673711193293e-05,6.534336981189881e-05,1.0005106455349666
271828,0.2,1.2,6,5.551875689735475e-08,8.812036105609877e-05,0.0006300332435316585,True,0.00015759777963353372,0.00015741730302920587,1.0011464851757392
271828,0.2,2.4,12,5.3983671394197685e-08,0.00015452383775027556,0.0003493549744825789,True,0.00027562012817838877,0.0002746997238602944,1.0033505833393646
271828,0.2,4.8,24,5.26572053183294e-08,4.4585404353369995e-05,0.0011810413313959169,True,0.00014605361306507803,0.00014507270481090018,1.0067614942139285
271828,0.3,0.6,2,4.081145218298721e-08,1.6507406421339965e-05,0.0024723115879807843,True,6.537675233886375e-05,6.533662530472384e-05,1.0006141583522683
271828,0.3,1.2,4,4.766136187106529e-08,7.93002218415495e-05,0.0006010243195321432,True,0.00015759775989465652,0.00015737039812790954,1.0014447556176491
271828,0.3,2.4,8,4.616922640032772e-08,0.00014748925133289958,0.00031303451596020827,True,0.00027562021077187637,0.0002746705493166246,1.0034574564241217
271828,0.3,4.8,16,4.544956633267816e-08,4.361229711946635e-05,0.0010421273203789062,True,0.00014605368335196545,0.0001450900079191797,1.0066419145370957
161803,0.025,0.6,24,1.3334761778116544e-07,3.5579589763301556e-05,0.0037478683331730366,True,6.783027149026566e-05,6.781827975999022e-05,1.000176821504731
161803,0.025,1.2,48,1.4767823064421037e-07,0.00011625171811147084,0.001270331596326219,True,0.00017241647954335804,0.0001726732392626218,0.9985130312006643
161803,0.025,2.4,96,1.4203002896007177e-07,0.00018555300016487308,0.0007654418351299684,True,0.0003117297042081191,0.0003087086225832536,1.0097861912621204
161803,0.025,4.8,192,1.112866554464631e-07,4.989525135101758e-05,0.0022304057487064544,True,0.00017675313989684582,0.00017269378628270715,1.0235060780212053
161803,0.05,0.6,12,9.254219543453068e-08,3.4041935762729736e-05,0.002718476295811856,True,6.783027807699682e-05,6.781599861938048e-05,1.000210561783459
161803,0.05,1.2,24,1.0004014217024348e-07,0.00011380659594806275,0.0008790364155685512,True,0.00017241640098575317,0.00017265890602402578,0.9985954675385302
161803,0.05,2.4,48,9.883891433082326e-08,0.00018363054766723508,0.0005382487586429985,True,0.00031172948990842997,0.0003087004563440132,1.009812209545428
161803,0.05,4.8,96,8.576064614018719e-08,4.9628039619165065e-05,0.0017280683822753428,True,0.00017675264504646293,0.00017269850445700285,1.0234752501314766
161803,0.075,0.6,8,7.845629473868243e-08,3.250055787873407e-05,0.0024139984006249426,True,6.783025204271098e-05,6.78137051579597e-05,1.0002440050239512
161803,0.075,1.2,16,8.334407280985445e-08,0.0001113406368062897,0.0007485503514305955,True,0.00017241640573217865,0.0001726445398873011,0.9986785903841999
161803,0.075,2.4,32,8.183780497716953e-08,0.00018168812681551572,0.0004504301211727875,True,0.00031172941814361366,0.0003086927701758668,1.009837120467761
161803,0.075,4.8,64,7.320675207700411e-08,4.9372202596487114e-05,0.0014827524037222689,True,0.00017675271919870283,0.00017270357574261652,1.0234456260600002
161803,0.1,0.6,6,6.905412650026754e-08,3.096103085908908e-05,0.002230356179500259,True,6.783022868717126e-05,6.781142862877232e-05,1.0002772402643492
161803,0.1,1.2,12,7.419340763981097e-08,0.00010887469250064896,0.0006814568742811258,True,0.00017241646764887264,0.0001726302132993851,0.998761829424715
161803,0.1,2.4,24,7.21737223319252e-08,0.0001797404258354618,0.0004015441823755028,True,0.00031172940509804903,0.00030868497381675297,1.0098625833439607
161803,0.1,4.8,48,6.617782136175698e-08,4.91113274563304e-05,0.0013475062636130542,True,0.00017675264726335627,0.00017270848567818575,1.0234161139754658
161803,0.15,0.6,4,5.80143613704287e-08,2.786458355785726e-05,0.0020820107090410763,True,6.783024995371534e-05,6.78068405974841e-05,1.000345235908722
161803,0.15,1.2,8,6.420246900784576e-08,0.00010392411667226042,0.0006177821959297228,True,0.00017241639747567206,0.0001726014025251743,0.998928137044105
161803,0.15,2.4,16,6.101528410296098e-08,0.00017582976698804487,0.0003470133933983406,True,0.00031172940879287125,0.00030866932294770777,1.0099137997127168
161803,0.15,4.8,32,5.8693619658933827e-08,4.8582398306962205e-05,0.0012081251997500216,True,0.0001767527636786781,0.00017271860340883904,1.0233568370182444
161803,0.2,0.6,3,5.056152192761676e-08,2.476816443675034e-05,0.0020413915636232987,True,6.783023372491925e-05,6.780230723535396e-05,1.0004118811100093
161803,0.2,1.2,6,5.634297958745371e-08,9.897426468796766e-05,0.0005692689889142804,True,0.00017241642726162354,0.00017257271976234279,0.9990943383117883
161803,0.2,2.4,12,5.5380407149030475e-08,0.00017191227675539267,0.000322143410547864,True,0.00031172934555456777,0.0003086537605270223,1.0099645150031347
161803,0.2,4.8,24,5.334696576153597e-08,4.8057560519509934e-05,0.0011100639563233487,True,0.00017675268239258912,0.00017272855151873046,1.0232974273128337
161803,0.3,0.6,2,4.0386182897922396e-08,1.8577535946917578e-05,0.0021739257032428647,True,6.783025646939222e-05,6.779319101468673e-05,1.0005467430305421
161803,0.3,1.2,4,4.812491967431942e-08,8.907493969445568e-05,0.0005402745131166772,True,0.00017241647191212905,0.00017251538119467114,0.9994266639771067
161803,0.3,2.4,8,4.841831097168736e-08,0.00016408812217605373,0.0002950750507080476,True,0.0003117295069330339,0.0003086228891504561,1.0100660640924248
161803,0.3,4.8,16,4.641428194562813e-08,4.700800819534834e-05,0.0009873696786459683,True,0.0001767527995752971,0.00017274860402949344,1.0231793221618164
