candidate_dtype,dt,kind,reference_dt,reference_dtype,reference_resolution,relative_l2,resolution,sample
,0.005,temporal,0.0005,,,5.0735020095076926e-11,512,0
,0.002,temporal,0.0005,,,3.191130943873818e-12,512,0
,0.001,temporal,0.0005,,,3.482636264892102e-13,512,0
,0.005,temporal,0.0005,,,3.938116189249455e-11,512,1
,0.002,temporal,0.0005,,,2.501619077393021e-12,512,1
,0.001,temporal,0.0005,,,2.786981937538929e-13,512,1
,0.005,temporal,0.0005,,,6.778190231049358e-12,512,2
,0.002,temporal,0.0005,,,4.357257923300331e-13,512,2
,0.001,temporal,0.0005,,,4.8914068254623736e-14,512,2
,0.005,temporal,0.0005,,,7.583501337694232e-12,512,3
,0.002,temporal,0.0005,,,4.819466303873781e-13,512,3
,0.001,temporal,0.0005,,,4.9125738263422617e-14,512,3
,0.005,temporal,0.0005,,,1.7629028359881617e-11,512,4
,0.002,temporal,0.0005,,,1.1117625241702025e-12,512,4
,0.001,temporal,0.0005,,,1.155827160384922e-13,512,4
,0.005,temporal,0.0005,,,1.0039696292443355e-11,512,5
,0.002,temporal,0.0005,,,6.434755265723911e-13,512,5
,0.001,temporal,0.0005,,,7.127132811890365e-14,512,5
,0.005,temporal,0.0005,,,1.8889698072839685e-11,512,6
,0.002,temporal,0.0005,,,1.1751157743490054e-12,512,6
,0.001,temporal,0.0005,,,1.1059814194079683e-13,512,6
,0.005,temporal,0.0005,,,6.06236923796879e-11,512,7
,0.002,temporal,0.0005,,,3.807036717081158e-12,512,7
,0.001,temporal,0.0005,,,4.192183404747493e-13,512,7
,0.005,temporal,0.0005,,,3.644847481060838e-11,512,8
,0.002,temporal,0.0005,,,2.303038746326134e-12,512,8
,0.001,temporal,0.0005,,,2.4279028415585624e-13,512,8
,0.005,temporal,0.0005,,,2.3734653717743118e-11,512,9
,0.002,temporal,0.0005,,,1.4952897580497383e-12,512,9
,0.001,temporal,0.0005,,,1.5539316402439624e-13,512,9
,0.005,temporal,0.0005,,,2.9824849326776765e-11,512,10
,0.002,temporal,0.0005,,,1.8538357526010227e-12,512,10
,0.001,temporal,0.0005,,,1.9492438555778666e-13,512,10
,0.005,temporal,0.0005,,,2.602064836632707e-11,512,11
,0.002,temporal,0.0005,,,1.64647311516034e-12,512,11
,0.001,temporal,0.0005,,,1.762297242782254e-13,512,11
,0.005,temporal,0.0005,,,3.915831454713368e-11,512,12
,0.002,temporal,0.0005,,,2.4889514081719457e-12,512,12
,0.001,temporal,0.0005,,,2.7204009647656145e-13,512,12
,0.005,temporal,0.0005,,,2.8976427225842342e-11,512,13
,0.002,temporal,0.0005,,,1.824216674992032e-12,512,13
,0.001,temporal,0.0005,,,1.8399041617933596e-13,512,13
,0.005,temporal,0.0005,,,4.289483620691599e-11,512,14
,0.002,temporal,0.0005,,,2.665604702664951e-12,512,14
,0.001,temporal,0.0005,,,2.916980634327281e-13,512,14
,0.005,temporal,0.0005,,,3.7658474098112823e-11,512,15
,0.002,temporal,0.0005,,,2.376432505129946e-12,512,15
,0.001,temporal,0.0005,,,2.5234588917098474e-13,512,15
,0.005,temporal,0.0005,,,6.857525115996448e-12,512,16
,0.002,temporal,0.0005,,,4.38992592266162e-13,512,16
,0.001,temporal,0.0005,,,5.0947807329388426e-14,512,16
,0.005,temporal,0.0005,,,1.0681860628863062e-11,512,17
,0.002,temporal,0.0005,,,6.709720173910047e-13,512,17
,0.001,temporal,0.0005,,,6.160592791938814e-14,512,17
,0.005,temporal,0.0005,,,3.617869929052746e-11,512,18
,0.002,temporal,0.0005,,,2.2846349765653417e-12,512,18
,0.001,temporal,0.0005,,,2.4244976865797763e-13,512,18
,0.005,temporal,0.0005,,,4.627790472500943e-11,512,19
,0.002,temporal,0.0005,,,2.8727220951133363e-12,512,19
,0.001,temporal,0.0005,,,3.1610011473823487e-13,512,19
,0.0005,spatial,,,512,0.00011319002493808692,64,0
,0.0005,spatial,,,512,1.2941656477237009e-05,128,0
,0.0005,spatial,,,512,7.248737624057727e-06,256,0
,0.0005,spatial,,,512,7.256089320367601e-17,64,1
,0.0005,spatial,,,512,3.420553308884812e-17,128,1
,0.0005,spatial,,,512,4.986270449465314e-17,256,1
,0.0005,spatial,,,512,7.537444302391107e-17,64,2
,0.0005,spatial,,,512,4.4592121853615424e-17,128,2
,0.0005,spatial,,,512,4.913812502522909e-17,256,2
,0.0005,spatial,,,512,6.315372534542134e-17,64,3
,0.0005,spatial,,,512,5.0635629201640396e-17,128,3
,0.0005,spatial,,,512,5.846898830030632e-17,256,3
,0.0005,spatial,,,512,8.769973531740017e-17,64,4
,0.0005,spatial,,,512,1.745541670611194e-16,128,4
,0.0005,spatial,,,512,7.595019869003986e-17,256,4
,0.0005,spatial,,,512,1.6483043505414123e-16,64,5
,0.0005,spatial,,,512,3.364587166363399e-17,128,5
,0.0005,spatial,,,512,5.451254245598013e-17,256,5
,0.0005,spatial,,,512,4.17149988742997e-16,64,6
,0.0005,spatial,,,512,1.1299265383397558e-16,128,6
,0.0005,spatial,,,512,3.506909739304965e-16,256,6
,0.0005,spatial,,,512,0.00014580164486222862,64,7
,0.0005,spatial,,,512,7.159315931728766e-05,128,7
,0.0005,spatial,,,512,7.684288812760564e-06,256,7
,0.0005,spatial,,,512,1.683409622689569e-16,64,8
,0.0005,spatial,,,512,8.927627697888615e-17,128,8
,0.0005,spatial,,,512,7.966607463076903e-17,256,8
,0.0005,spatial,,,512,3.1156105788087983e-16,64,9
,0.0005,spatial,,,512,4.850999092042242e-17,128,9
,0.0005,spatial,,,512,7.174724414066428e-17,256,9
,0.0005,spatial,,,512,0.0001075679912387052,64,10
,0.0005,spatial,,,512,1.1893131266691452e-05,128,10
,0.0005,spatial,,,512,9.000395656922968e-06,256,10
,0.0005,spatial,,,512,6.862083737847194e-17,64,11
,0.0005,spatial,,,512,3.8360214262805423e-17,128,11
,0.0005,spatial,,,512,6.532509097610343e-17,256,11
,0.0005,spatial,,,512,0.00013040673489047574,64,12
,0.0005,spatial,,,512,2.8743916356884313e-05,128,12
,0.0005,spatial,,,512,1.0445593938112552e-06,256,12
,0.0005,spatial,,,512,8.089727988019923e-17,64,13
,0.0005,spatial,,,512,7.31743428880876e-17,128,13
,0.0005,spatial,,,512,7.317434288808761e-17,256,13
,0.0005,spatial,,,512,0.0001356218527423658,64,14
,0.0005,spatial,,,512,1.4700909100634639e-05,128,14
,0.0005,spatial,,,512,9.213286094322859e-06,256,14
,0.0005,spatial,,,512,9.86892202741766e-17,64,15
,0.0005,spatial,,,512,8.546737183711516e-17,128,15
,0.0005,spatial,,,512,1.4803383041126485e-16,256,15
,0.0005,spatial,,,512,1.6256908789810365e-16,64,16
,0.0005,spatial,,,512,6.341734750670245e-17,128,16
,0.0005,spatial,,,512,1.562620502797414e-16,256,16
,0.0005,spatial,,,512,1.0733772430599653e-16,64,17
,0.0005,spatial,,,512,5.628837749728875e-17,128,17
,0.0005,spatial,,,512,6.000361202458492e-17,256,17
,0.0005,spatial,,,512,1.240114240423899e-16,64,18
,0.0005,spatial,,,512,7.496125057544568e-17,128,18
,0.0005,spatial,,,512,7.59411777949423e-17,256,18
,0.0005,spatial,,,512,0.00013377364427186487,64,19
,0.0005,spatial,,,512,2.2435565801848297e-05,128,19
,0.0005,spatial,,,512,6.230873491351597e-06,256,19
float32,0.005,float32_vs_float64,,float64,,2.31786722792715e-06,64,0
float32,0.005,float32_vs_float64,,float64,,4.5115518951527157e-07,64,1
float32,0.005,float32_vs_float64,,float64,,6.070709370691815e-07,64,2
float32,0.005,float32_vs_float64,,float64,,6.681622533085927e-07,64,3
float32,0.005,float32_vs_float64,,float64,,1.2267352524541833e-06,64,4
float32,0.005,float32_vs_float64,,float64,,4.481681490829572e-07,64,5
float32,0.005,float32_vs_float64,,float64,,2.6160847039575973e-06,64,6
float32,0.005,float32_vs_float64,,float64,,3.0051098709928626e-06,64,7
float32,0.005,float32_vs_float64,,float64,,9.212336156452577e-07,64,8
float32,0.005,float32_vs_float64,,float64,,1.0422902797008448e-06,64,9
float32,0.005,float32_vs_float64,,float64,,1.430383712375495e-06,64,10
float32,0.005,float32_vs_float64,,float64,,1.1968007475181262e-06,64,11
float32,0.005,float32_vs_float64,,float64,,1.0683130749890588e-06,64,12
float32,0.005,float32_vs_float64,,float64,,1.1445719122275135e-06,64,13
float32,0.005,float32_vs_float64,,float64,,2.026046353547549e-06,64,14
float32,0.005,float32_vs_float64,,float64,,1.560745633571368e-06,64,15
float32,0.005,float32_vs_float64,,float64,,7.336522949232367e-07,64,16
float32,0.005,float32_vs_float64,,float64,,1.0056558819420473e-06,64,17
float32,0.005,float32_vs_float64,,float64,,1.1719103518586228e-06,64,18
float32,0.005,float32_vs_float64,,float64,,1.8030709124102275e-06,64,19
float32,0.005,production_vs_fine,0.0005,float64,512,0.00011165760924480885,64,0
float32,0.005,production_vs_fine,0.0005,float64,512,4.5116480560324933e-07,64,1
float32,0.005,production_vs_fine,0.0005,float64,512,6.070703292178341e-07,64,2
float32,0.005,production_vs_fine,0.0005,float64,512,6.681628314735913e-07,64,3
float32,0.005,production_vs_fine,0.0005,float64,512,1.2267402162763475e-06,64,4
float32,0.005,production_vs_fine,0.0005,float64,512,4.481734652081025e-07,64,5
float32,0.005,production_vs_fine,0.0005,float64,512,2.6160735018615347e-06,64,6
float32,0.005,production_vs_fine,0.0005,float64,512,0.00014819939905949151,64,7
float32,0.005,production_vs_fine,0.0005,float64,512,9.212315437753741e-07,64,8
float32,0.005,production_vs_fine,0.0005,float64,512,1.0422898994664882e-06,64,9
float32,0.005,production_vs_fine,0.0005,float64,512,0.00010839794331534722,64,10
float32,0.005,production_vs_fine,0.0005,float64,512,1.1968125712698385e-06,64,11
float32,0.005,production_vs_fine,0.0005,float64,512,0.00013098167402645838,64,12
float32,0.005,production_vs_fine,0.0005,float64,512,1.1445678381907876e-06,64,13
float32,0.005,production_vs_fine,0.0005,float64,512,0.00013421592236736467,64,14
float32,0.005,production_vs_fine,0.0005,float64,512,1.5607579313290648e-06,64,15
float32,0.005,production_vs_fine,0.0005,float64,512,7.336522449539118e-07,64,16
float32,0.005,production_vs_fine,0.0005,float64,512,1.0056469374088972e-06,64,17
float32,0.005,production_vs_fine,0.0005,float64,512,1.1719235939844605e-06,64,18
float32,0.005,production_vs_fine,0.0005,float64,512,0.00013502245270116908,64,19
